<?xml version="1.0" encoding="UTF-8"?>
<folder exportedWithPermissions="true">
    <parent>/organizations/organization_1/organizations/org_template/themes</parent>
    <name>default</name>
    <label>default</label>
    <description>default</description>
    <creationDate>2014-08-29T13:05:31.267-07:00</creationDate>
    <updateDate>2014-08-29T13:05:28.566-07:00</updateDate>
    <permission>
        <permissionMask>2</permissionMask>
        <recipient recipientType="role">ROLE_ADMINISTRATOR</recipient>
    </permission>
    <permission>
        <permissionMask>2</permissionMask>
        <recipient recipientType="role">ROLE_SUPERUSER</recipient>
    </permission>
</folder>
