<?xml version="1.0" encoding="UTF-8"?>
<fileResource exportedWithPermissions="true" dataFile="supermart_en_US.properties.data">
    <folder>/public/Samples/Resources/Extras</folder>
    <name>supermart_en_US.properties</name>
    <version>0</version>
    <label>supermart_en_US.properties</label>
    <description>US English resource bundle</description>
    <creationDate>2014-08-29T13:06:17.664-07:00</creationDate>
    <updateDate>2013-09-06T00:01:53.888-07:00</updateDate>
    <fileType>prop</fileType>
</fileResource>
