<?xml version="1.0" encoding="UTF-8"?>
<fileResource exportedWithPermissions="true" dataFile="supermart_fr.properties.data">
    <folder>/public/Samples/Resources/Extras</folder>
    <name>supermart_fr.properties</name>
    <version>0</version>
    <label>supermart_fr.properties</label>
    <description>French resource bundle</description>
    <creationDate>2014-08-29T13:06:18.233-07:00</creationDate>
    <updateDate>2013-09-06T00:02:34.153-07:00</updateDate>
    <fileType>prop</fileType>
</fileResource>
