<?xml version="1.0" encoding="UTF-8"?>
<fileResource exportedWithPermissions="true" dataFile="supermart_de.properties.data">
    <folder>/public/Samples/Resources/Extras</folder>
    <name>supermart_de.properties</name>
    <version>0</version>
    <label>supermart_de.properties</label>
    <description>German resource bundle</description>
    <creationDate>2014-08-29T13:06:17.956-07:00</creationDate>
    <updateDate>2013-09-06T00:01:40.456-07:00</updateDate>
    <fileType>prop</fileType>
</fileResource>
