<?xml version="1.0" encoding="UTF-8"?>
<dashboardResource exportedWithPermissions="true">
    <folder>/public/Samples/Dashboards</folder>
    <name>1g__Supermart_Dashboard</name>
    <version>0</version>
    <label>1g. Supermart Dashboard</label>
    <description>Sample Dashboard with HTML5 charts, and drill-through tables and gauges in green theme</description>
    <creationDate>2014-08-29T13:06:21.626-07:00</creationDate>
    <updateDate>2013-09-18T22:54:50.121-07:00</updateDate>
    <state>
        <theme>default</theme>
        <paperSize>content</paperSize>
        <property>
            <key>useAbsoluteSizing</key>
            <value>true</value>
        </property>
        <property>
            <key>dashboardName</key>
            <value>1g. Supermart Dashboard</value>
        </property>
        <property>
            <key>paperSize</key>
            <value>content</value>
        </property>
        <property>
            <key>paramValuesChanged</key>
            <value>true</value>
        </property>
        <property>
            <key>localDatePattern</key>
            <value>yyyy-MM-dd</value>
        </property>
        <frame frameType="com.jaspersoft.ji.adhoc.DashboardContentFrame">
            <name>frame_4</name>
            <property>
                <key>dashFrameLeft</key>
                <value>4</value>
            </property>
            <property>
                <key>dashFrameTop</key>
                <value>5</value>
            </property>
            <property>
                <key>dashFrameWidth</key>
                <value>953</value>
            </property>
            <property>
                <key>dashFrameHeight</key>
                <value>595</value>
            </property>
            <property>
                <key>dashFrameResourceType</key>
                <value>com.jaspersoft.jasperserver.api.metadata.jasperreports.domain.ReportUnit</value>
            </property>
            <property>
                <key>dashFrameResourceName</key>
                <value>BlankBackground</value>
            </property>
            <property>
                <key>dashFrameSource</key>
                <value>/flow.html?_flowId=viewReportFlow&amp;viewAsDashboardFrame=true&amp;dashboardViewer=true&amp;reportUnit=</value>
            </property>
            <property>
                <key>dashFrameScrollBars</key>
                <value>false</value>
            </property>
            <property>
                <key>dashResourceIndex</key>
                <value>0</value>
            </property>
        </frame>
        <frame frameType="com.jaspersoft.ji.adhoc.DashboardContentFrame">
            <name>frame_5</name>
            <property>
                <key>dashFrameLeft</key>
                <value>3</value>
            </property>
            <property>
                <key>dashFrameTop</key>
                <value>38</value>
            </property>
            <property>
                <key>dashFrameWidth</key>
                <value>251</value>
            </property>
            <property>
                <key>dashFrameHeight</key>
                <value>535</value>
            </property>
            <property>
                <key>dashFrameResourceType</key>
                <value>com.jaspersoft.jasperserver.api.metadata.jasperreports.domain.ReportUnit</value>
            </property>
            <property>
                <key>dashFrameResourceName</key>
                <value>13g. Top Fives Report</value>
            </property>
            <property>
                <key>dashFrameSource</key>
                <value>/flow.html?_flowId=viewReportFlow&amp;viewAsDashboardFrame=true&amp;dashboardViewer=true&amp;reportUnit=</value>
            </property>
            <property>
                <key>dashFrameScrollBars</key>
                <value>false</value>
            </property>
            <property>
                <key>dashResourceIndex</key>
                <value>1</value>
            </property>
        </frame>
        <frame frameType="com.jaspersoft.ji.adhoc.DashboardContentFrame">
            <name>frame_6</name>
            <property>
                <key>dashFrameLeft</key>
                <value>271</value>
            </property>
            <property>
                <key>dashFrameTop</key>
                <value>95</value>
            </property>
            <property>
                <key>dashFrameWidth</key>
                <value>453</value>
            </property>
            <property>
                <key>dashFrameHeight</key>
                <value>490</value>
            </property>
            <property>
                <key>dashFrameResourceType</key>
                <value>com.jaspersoft.jasperserver.api.metadata.jasperreports.domain.ReportUnit</value>
            </property>
            <property>
                <key>dashFrameResourceName</key>
                <value>11g. Sales By Month Report</value>
            </property>
            <property>
                <key>dashFrameSource</key>
                <value>/flow.html?_flowId=viewReportFlow&amp;viewAsDashboardFrame=true&amp;dashboardViewer=true&amp;reportUnit=</value>
            </property>
            <property>
                <key>dashFrameScrollBars</key>
                <value>false</value>
            </property>
            <property>
                <key>dashResourceIndex</key>
                <value>2</value>
            </property>
        </frame>
        <frame frameType="com.jaspersoft.ji.adhoc.DashboardContentFrame">
            <name>frame_7</name>
            <property>
                <key>dashFrameLeft</key>
                <value>737</value>
            </property>
            <property>
                <key>dashFrameTop</key>
                <value>87</value>
            </property>
            <property>
                <key>dashFrameWidth</key>
                <value>195</value>
            </property>
            <property>
                <key>dashFrameHeight</key>
                <value>489</value>
            </property>
            <property>
                <key>dashFrameResourceType</key>
                <value>com.jaspersoft.jasperserver.api.metadata.jasperreports.domain.ReportUnit</value>
            </property>
            <property>
                <key>dashFrameResourceName</key>
                <value>15g. Sales Gauges Report</value>
            </property>
            <property>
                <key>dashFrameSource</key>
                <value>/flow.html?_flowId=viewReportFlow&amp;viewAsDashboardFrame=true&amp;dashboardViewer=true&amp;reportUnit=</value>
            </property>
            <property>
                <key>dashFrameScrollBars</key>
                <value>false</value>
            </property>
            <property>
                <key>dashResourceIndex</key>
                <value>3</value>
            </property>
        </frame>
        <frame frameType="com.jaspersoft.ji.adhoc.DashboardTextFrame">
            <name>text_1</name>
            <property>
                <key>dashFrameLeft</key>
                <value>517</value>
            </property>
            <property>
                <key>dashFrameTop</key>
                <value>17</value>
            </property>
            <property>
                <key>dashFrameWidth</key>
                <value>68</value>
            </property>
            <property>
                <key>dashFrameHeight</key>
                <value>16</value>
            </property>
            <property>
                <key>dashTextFrameLabel</key>
                <value>Start Month</value>
            </property>
            <property>
                <key>fontResizes</key>
                <value>false</value>
            </property>
            <property>
                <key>dashTextFrameFontSize</key>
                <value>11</value>
            </property>
            <property>
                <key>maxFontSize</key>
                <value>11</value>
            </property>
            <property>
                <key>dashTextFrameInputControlRef</key>
                <value>startMonth</value>
            </property>
        </frame>
        <frame frameType="com.jaspersoft.ji.adhoc.DashboardControlFrame">
            <name>control_1</name>
            <property>
                <key>dashFrameLeft</key>
                <value>605</value>
            </property>
            <property>
                <key>dashFrameTop</key>
                <value>18</value>
            </property>
            <property>
                <key>dashFrameWidth</key>
                <value>100</value>
            </property>
            <property>
                <key>dashFrameHeight</key>
                <value>16</value>
            </property>
            <property>
                <key>dashControlFrameParamName</key>
                <value>startMonth</value>
            </property>
            <property>
                <key>dashControlFrameParamValue</key>
                <value>1</value>
            </property>
            <property>
                <key>dashControlFrameDefaultParamValue</key>
                <value>1</value>
            </property>
            <property>
                <key>dashControlFrameDataType</key>
                <value>Integer</value>
            </property>
        </frame>
        <frame frameType="com.jaspersoft.ji.adhoc.DashboardTextFrame">
            <name>text_2</name>
            <property>
                <key>dashFrameLeft</key>
                <value>524</value>
            </property>
            <property>
                <key>dashFrameTop</key>
                <value>44</value>
            </property>
            <property>
                <key>dashFrameWidth</key>
                <value>61</value>
            </property>
            <property>
                <key>dashFrameHeight</key>
                <value>16</value>
            </property>
            <property>
                <key>dashTextFrameLabel</key>
                <value>End Month</value>
            </property>
            <property>
                <key>fontResizes</key>
                <value>false</value>
            </property>
            <property>
                <key>dashTextFrameFontSize</key>
                <value>11</value>
            </property>
            <property>
                <key>maxFontSize</key>
                <value>11</value>
            </property>
            <property>
                <key>dashTextFrameInputControlRef</key>
                <value>endMonth</value>
            </property>
        </frame>
        <frame frameType="com.jaspersoft.ji.adhoc.DashboardControlFrame">
            <name>control_2</name>
            <property>
                <key>dashFrameLeft</key>
                <value>605</value>
            </property>
            <property>
                <key>dashFrameTop</key>
                <value>44</value>
            </property>
            <property>
                <key>dashFrameWidth</key>
                <value>100</value>
            </property>
            <property>
                <key>dashFrameHeight</key>
                <value>16</value>
            </property>
            <property>
                <key>dashControlFrameParamName</key>
                <value>endMonth</value>
            </property>
            <property>
                <key>dashControlFrameParamValue</key>
                <value>12</value>
            </property>
            <property>
                <key>dashControlFrameDefaultParamValue</key>
                <value>12</value>
            </property>
            <property>
                <key>dashControlFrameDataType</key>
                <value>Integer</value>
            </property>
        </frame>
        <frame frameType="com.jaspersoft.ji.adhoc.DashboardClickableFrame">
            <name>button_1</name>
            <property>
                <key>dashFrameLeft</key>
                <value>744</value>
            </property>
            <property>
                <key>dashFrameTop</key>
                <value>30</value>
            </property>
            <property>
                <key>dashFrameWidth</key>
                <value>72</value>
            </property>
            <property>
                <key>dashFrameHeight</key>
                <value>16</value>
            </property>
            <property>
                <key>dashClickableFrameID</key>
                <value>reset</value>
            </property>
            <property>
                <key>dashClickableFrameType</key>
                <value>button</value>
            </property>
        </frame>
        <frame frameType="com.jaspersoft.ji.adhoc.DashboardClickableFrame">
            <name>button_2</name>
            <property>
                <key>dashFrameLeft</key>
                <value>826</value>
            </property>
            <property>
                <key>dashFrameTop</key>
                <value>30</value>
            </property>
            <property>
                <key>dashFrameWidth</key>
                <value>72</value>
            </property>
            <property>
                <key>dashFrameHeight</key>
                <value>16</value>
            </property>
            <property>
                <key>dashClickableFrameID</key>
                <value>submit</value>
            </property>
            <property>
                <key>dashClickableFrameType</key>
                <value>button</value>
            </property>
        </frame>
    </state>
    <resource>
        <uri>/public/Samples/Resources/Extras/BlankBackground</uri>
    </resource>
    <resource>
        <uri>/public/Samples/Reports/13g.TopFivesReport</uri>
    </resource>
    <resource>
        <uri>/public/Samples/Reports/11g.SalesByMonthReport</uri>
    </resource>
    <resource>
        <uri>/public/Samples/Reports/15g.SalesGaugesReport</uri>
    </resource>
</dashboardResource>
