<?xml version="1.0" encoding="UTF-8"?>
<dashboardResource exportedWithPermissions="true">
    <folder>/public/Samples/Dashboards</folder>
    <name>Supermart_Dashboard</name>
    <version>0</version>
    <label>1. Supermart Dashboard</label>
    <description>Sample Dashboard with HTML5 charts, and drill-through tables and gauges in blue theme</description>
    <creationDate>2014-08-29T13:06:26.339-07:00</creationDate>
    <updateDate>2013-10-07T14:58:28.247-07:00</updateDate>
    <state>
        <theme>default</theme>
        <paperSize>content</paperSize>
        <property>
            <key>useAbsoluteSizing</key>
            <value>true</value>
        </property>
        <property>
            <key>dashboardName</key>
            <value>1. Supermart Dashboard</value>
        </property>
        <property>
            <key>paperSize</key>
            <value>content</value>
        </property>
        <property>
            <key>paramValuesChanged</key>
            <value>true</value>
        </property>
        <property>
            <key>localDatePattern</key>
            <value>yyyy-MM-dd</value>
        </property>
        <frame frameType="com.jaspersoft.ji.adhoc.DashboardContentFrame">
            <name>frame_1</name>
            <property>
                <key>dashFrameLeft</key>
                <value>6</value>
            </property>
            <property>
                <key>dashFrameTop</key>
                <value>11</value>
            </property>
            <property>
                <key>dashFrameWidth</key>
                <value>315</value>
            </property>
            <property>
                <key>dashFrameHeight</key>
                <value>549</value>
            </property>
            <property>
                <key>dashFrameResourceType</key>
                <value>com.jaspersoft.jasperserver.api.metadata.jasperreports.domain.ReportUnit</value>
            </property>
            <property>
                <key>dashFrameResourceName</key>
                <value>13. Top Fives Report</value>
            </property>
            <property>
                <key>dashFrameSource</key>
                <value>/flow.html?_flowId=viewReportFlow&amp;viewAsDashboardFrame=true&amp;dashboardViewer=true&amp;reportUnit=</value>
            </property>
            <property>
                <key>dashFrameScrollBars</key>
                <value>false</value>
            </property>
            <property>
                <key>dashResourceIndex</key>
                <value>0</value>
            </property>
        </frame>
        <frame frameType="com.jaspersoft.ji.adhoc.DashboardContentFrame">
            <name>frame_2</name>
            <property>
                <key>dashFrameLeft</key>
                <value>277</value>
            </property>
            <property>
                <key>dashFrameTop</key>
                <value>60</value>
            </property>
            <property>
                <key>dashFrameWidth</key>
                <value>457</value>
            </property>
            <property>
                <key>dashFrameHeight</key>
                <value>498</value>
            </property>
            <property>
                <key>dashFrameResourceType</key>
                <value>com.jaspersoft.jasperserver.api.metadata.jasperreports.domain.ReportUnit</value>
            </property>
            <property>
                <key>dashFrameResourceName</key>
                <value>11. Sales By Month Report</value>
            </property>
            <property>
                <key>dashFrameSource</key>
                <value>/flow.html?_flowId=viewReportFlow&amp;viewAsDashboardFrame=true&amp;dashboardViewer=true&amp;reportUnit=</value>
            </property>
            <property>
                <key>dashFrameScrollBars</key>
                <value>false</value>
            </property>
            <property>
                <key>dashResourceIndex</key>
                <value>1</value>
            </property>
        </frame>
        <frame frameType="com.jaspersoft.ji.adhoc.DashboardContentFrame">
            <name>frame_3</name>
            <property>
                <key>dashFrameLeft</key>
                <value>741</value>
            </property>
            <property>
                <key>dashFrameTop</key>
                <value>60</value>
            </property>
            <property>
                <key>dashFrameWidth</key>
                <value>224</value>
            </property>
            <property>
                <key>dashFrameHeight</key>
                <value>504</value>
            </property>
            <property>
                <key>dashFrameResourceType</key>
                <value>com.jaspersoft.jasperserver.api.metadata.jasperreports.domain.ReportUnit</value>
            </property>
            <property>
                <key>dashFrameResourceName</key>
                <value>15. Sales Gauges Report</value>
            </property>
            <property>
                <key>dashFrameSource</key>
                <value>/flow.html?_flowId=viewReportFlow&amp;viewAsDashboardFrame=true&amp;dashboardViewer=true&amp;reportUnit=</value>
            </property>
            <property>
                <key>dashFrameScrollBars</key>
                <value>false</value>
            </property>
            <property>
                <key>dashResourceIndex</key>
                <value>2</value>
            </property>
        </frame>
        <frame frameType="com.jaspersoft.ji.adhoc.DashboardTextFrame">
            <name>text_1</name>
            <property>
                <key>dashFrameLeft</key>
                <value>545</value>
            </property>
            <property>
                <key>dashFrameTop</key>
                <value>9</value>
            </property>
            <property>
                <key>dashFrameWidth</key>
                <value>68</value>
            </property>
            <property>
                <key>dashFrameHeight</key>
                <value>16</value>
            </property>
            <property>
                <key>dashTextFrameLabel</key>
                <value>Start Month</value>
            </property>
            <property>
                <key>fontResizes</key>
                <value>false</value>
            </property>
            <property>
                <key>dashTextFrameFontSize</key>
                <value>11</value>
            </property>
            <property>
                <key>maxFontSize</key>
                <value>11</value>
            </property>
            <property>
                <key>dashTextFrameInputControlRef</key>
                <value>startMonth</value>
            </property>
        </frame>
        <frame frameType="com.jaspersoft.ji.adhoc.DashboardControlFrame">
            <name>control_1</name>
            <property>
                <key>dashFrameLeft</key>
                <value>629</value>
            </property>
            <property>
                <key>dashFrameTop</key>
                <value>4</value>
            </property>
            <property>
                <key>dashFrameWidth</key>
                <value>100</value>
            </property>
            <property>
                <key>dashFrameHeight</key>
                <value>16</value>
            </property>
            <property>
                <key>dashControlFrameParamName</key>
                <value>startMonth</value>
            </property>
            <property>
                <key>dashControlFrameParamValue</key>
                <value>1</value>
            </property>
            <property>
                <key>dashControlFrameDefaultParamValue</key>
                <value>1</value>
            </property>
            <property>
                <key>dashControlFrameDataType</key>
                <value>Integer</value>
            </property>
        </frame>
        <frame frameType="com.jaspersoft.ji.adhoc.DashboardTextFrame">
            <name>text_2</name>
            <property>
                <key>dashFrameLeft</key>
                <value>551</value>
            </property>
            <property>
                <key>dashFrameTop</key>
                <value>37</value>
            </property>
            <property>
                <key>dashFrameWidth</key>
                <value>61</value>
            </property>
            <property>
                <key>dashFrameHeight</key>
                <value>16</value>
            </property>
            <property>
                <key>dashTextFrameLabel</key>
                <value>End Month</value>
            </property>
            <property>
                <key>fontResizes</key>
                <value>false</value>
            </property>
            <property>
                <key>dashTextFrameFontSize</key>
                <value>11</value>
            </property>
            <property>
                <key>maxFontSize</key>
                <value>11</value>
            </property>
            <property>
                <key>dashTextFrameInputControlRef</key>
                <value>endMonth</value>
            </property>
        </frame>
        <frame frameType="com.jaspersoft.ji.adhoc.DashboardControlFrame">
            <name>control_2</name>
            <property>
                <key>dashFrameLeft</key>
                <value>629</value>
            </property>
            <property>
                <key>dashFrameTop</key>
                <value>31</value>
            </property>
            <property>
                <key>dashFrameWidth</key>
                <value>100</value>
            </property>
            <property>
                <key>dashFrameHeight</key>
                <value>16</value>
            </property>
            <property>
                <key>dashControlFrameParamName</key>
                <value>endMonth</value>
            </property>
            <property>
                <key>dashControlFrameParamValue</key>
                <value>12</value>
            </property>
            <property>
                <key>dashControlFrameDefaultParamValue</key>
                <value>12</value>
            </property>
            <property>
                <key>dashControlFrameDataType</key>
                <value>Integer</value>
            </property>
        </frame>
        <frame frameType="com.jaspersoft.ji.adhoc.DashboardClickableFrame">
            <name>button_1</name>
            <property>
                <key>dashFrameLeft</key>
                <value>762</value>
            </property>
            <property>
                <key>dashFrameTop</key>
                <value>22</value>
            </property>
            <property>
                <key>dashFrameWidth</key>
                <value>72</value>
            </property>
            <property>
                <key>dashFrameHeight</key>
                <value>16</value>
            </property>
            <property>
                <key>dashClickableFrameID</key>
                <value>reset</value>
            </property>
            <property>
                <key>dashClickableFrameType</key>
                <value>button</value>
            </property>
        </frame>
        <frame frameType="com.jaspersoft.ji.adhoc.DashboardClickableFrame">
            <name>button_2</name>
            <property>
                <key>dashFrameLeft</key>
                <value>847</value>
            </property>
            <property>
                <key>dashFrameTop</key>
                <value>22</value>
            </property>
            <property>
                <key>dashFrameWidth</key>
                <value>72</value>
            </property>
            <property>
                <key>dashFrameHeight</key>
                <value>16</value>
            </property>
            <property>
                <key>dashClickableFrameID</key>
                <value>submit</value>
            </property>
            <property>
                <key>dashClickableFrameType</key>
                <value>button</value>
            </property>
        </frame>
    </state>
    <resource>
        <uri>/public/Samples/Reports/TopFivesReport</uri>
    </resource>
    <resource>
        <uri>/public/Samples/Reports/SalesByMonthReport</uri>
    </resource>
    <resource>
        <uri>/public/Samples/Reports/SalesGaugesReport</uri>
    </resource>
</dashboardResource>
